{
  "logistic": {
    "rho": 0.2206934,
    "P_242": 0.05205063327847578,
    "P_222": 0.09911515010911094,
    "P_424": 0.024770178274959583,
    "indep_product": 0.05043321776094598,
    "joint_enhancement": 1.0320704406606847
  },
  "real_primes": {
    "rho": 0.0697026,
    "P_242": 0.0015666695360247913,
    "P_222": 0.0,
    "P_424": 0.0029066597802071678,
    "indep_product": 0.0008043049214499615,
    "joint_enhancement": 1.9478552154082014
  }
}