{
  "logistic": {
    "rho": 0.2206934,
    "n_gaps": 1103466,
    "P_2_4": 0.10818104788099306,
    "P_4_2": 0.10861513505185937,
    "P_2_2": 0.21426597128137276,
    "indep_product": 0.10709409826594493,
    "joint_enhancement": 1.0101494819289567
  },
  "real_primes": {
    "rho": 0.0697026,
    "n_primes": 348513,
    "P_2_4": 0.0141315482151209,
    "P_4_2": 0.014378312305780879,
    "P_2_2": 2.8693498913951066e-06,
    "indep_product": 0.008634750848176971,
    "joint_enhancement": 1.6365901533921445
  }
}