{
  "u_c": 1.5436890126920764,
  "c": 5.0,
  "n_steps": 2000000,
  "n_L": 585935,
  "lrl_count": 298593,
  "lrl_weighted": 1672.145647411443,
  "Li_2_N": 11207.94638211301,
  "twin_constant_C_2": 0.6601618158,
  "scale_to_match_C2": 0.11299719466327231
}