k,p_k,horizon_N,defects,rho_N
1,2,9,0,0.0
2,3,25,0,0.0
3,5,49,1,0.020833333333333332
4,7,121,0,0.0
5,11,169,1,0.005952380952380952
6,13,289,0,0.0
7,17,361,0,0.0
8,19,529,0,0.0
9,23,841,0,0.0
10,29,961,0,0.0
11,31,1369,0,0.0
12,37,1681,0,0.0
13,41,1849,0,0.0
14,43,2209,0,0.0
