{
  "u": 1.5436890126920764,
  "n_steps": 500000000,
  "n_gaps": 110213819,
  "histogram": {
    "1": 0.0,
    "2": 0.4703662614213559,
    "3": 0.0,
    "4": 0.22755879641553842,
    "5": 0.0,
    "6": 0.12504237785281716,
    "7": 0.0,
    "8": 0.07204582031587164,
    "9": 0.0,
    "10": 0.042493019863507314,
    "11": 0.0,
    "12": 0.025277338407083055,
    "13": 0.0,
    "14": 0.0150338044270111,
    "15": 0.0,
    "16": 0.0089635402253868,
    "17": 0.0,
    "18": 0.005335501530892419,
    "19": 0.0,
    "20": 0.0031843284552184876,
    "21": 0.0,
    "22": 0.001889545266551375,
    "23": 0.0,
    "24": 0.0011374980119326053,
    "25": 0.0,
    "26": 0.0006804682088005679,
    "27": 0.0,
    "28": 0.00039808075246898034,
    "29": 0.0,
    "30": 0.00025543983735832617,
    "31": 0.0,
    "32": 0.00013812242546463254,
    "33": 0.0,
    "34": 8.310210174279506e-05,
    "35": 0.0,
    "36": 4.635534859743859e-05,
    "37": 0.0,
    "38": 2.9234083613416936e-05,
    "39": 0.0,
    "40": 1.6876286629719273e-05,
    "41": 0.0,
    "42": 1.0515922690239052e-05,
    "43": 0.0,
    "44": 5.634502148954661e-06,
    "45": 0.0,
    "46": 2.676615352563003e-06,
    "47": 0.0,
    "48": 2.6675420801814337e-06,
    "49": 0.0,
    "50": 7.440083352886992e-07,
    "51": 0.0,
    "52": 8.528876038675332e-07,
    "53": 0.0,
    "54": 4.3551707431533607e-07,
    "55": 0.0,
    "56": 4.0829725717062756e-07,
    "57": 0.0,
    "58": 2.812714438286546e-07,
    "59": 0.0,
    "60": 1.3609908572354253e-07,
    "61": 0.0,
    "62": 0.0,
    "63": 0.0,
    "64": 0.0,
    "65": 0.0,
    "66": 1.3609908572354253e-07,
    "67": 0.0,
    "68": 0.0,
    "69": 0.0,
    "70": 0.0,
    "71": 0.0,
    "72": 0.0,
    "73": 0.0,
    "74": 0.0,
    "75": 0.0,
    "76": 0.0,
    "77": 0.0,
    "78": 0.0,
    "79": 0.0,
    "80": 0.0,
    "81": 0.0,
    "82": 0.0,
    "83": 0.0,
    "84": 0.0,
    "85": 0.0,
    "86": 0.0,
    "87": 0.0,
    "88": 0.0,
    "89": 0.0,
    "90": 0.0,
    "91": 0.0,
    "92": 0.0,
    "93": 0.0,
    "94": 0.0,
    "95": 0.0,
    "96": 0.0,
    "97": 0.0,
    "98": 0.0,
    "99": 0.0,
    "100": 0.0
  },
  "even_ratios_to_mu2": {
    "2": 1.0,
    "4": 0.4837906437589714,
    "6": 0.26584044840921045,
    "8": 0.15316961743421628,
    "10": 0.0903402802214207,
    "12": 0.053739692831496516,
    "14": 0.03196191066421696,
    "16": 0.01905651183037813,
    "18": 0.011343291321043234,
    "20": 0.006769891287687307
  },
  "successive_even_ratios": {
    "4": 0.4837906437589714,
    "6": 0.5494948111101843,
    "8": 0.5761712273312185,
    "10": 0.589805483193952,
    "12": 0.5948586023840363,
    "14": 0.5947542492368747,
    "16": 0.5962256771999833,
    "18": 0.5952448917204672,
    "20": 0.5968189563401503,
    "22": 0.5933889336870328,
    "24": 0.6019956399396891,
    "26": 0.5982148554655096,
    "28": 0.5850100670693494,
    "30": 0.6416784428135114,
    "32": 0.5407239015380244,
    "34": 0.6016553898705904,
    "36": 0.5578119882083198,
    "38": 0.6306517909571344,
    "40": 0.5772811918063314,
    "42": 0.6231182795698924,
    "44": 0.5358067299396032,
    "46": 0.47504025764895325,
    "48": 0.9966101694915255,
    "50": 0.2789115646258503,
    "52": 1.1463414634146343,
    "54": 0.5106382978723404,
    "56": 0.9375,
    "58": 0.688888888888889,
    "60": 0.48387096774193544,
    "66": 1.0
  },
  "geometric_p_hat": 0.6260767787608318
}