{
  "u": 1.5436890126920764,
  "n_steps": 20000000,
  "histogram": {
    "1": 0.0,
    "2": 0.47077126768702243,
    "3": 0.0,
    "4": 0.22745049924286356,
    "5": 0.0,
    "6": 0.12504192769182584,
    "7": 0.0,
    "8": 0.07231180277848775,
    "9": 0.0,
    "10": 0.042506458395369685,
    "11": 0.0,
    "12": 0.02523032165314964,
    "13": 0.0,
    "14": 0.015008015871629938,
    "15": 0.0,
    "16": 0.008917813106023822,
    "17": 0.0,
    "18": 0.0053225206191260125,
    "19": 0.0,
    "20": 0.0030990772619351897,
    "21": 0.0,
    "22": 0.0018809913509323427,
    "23": 0.0,
    "24": 0.0011434721957319595,
    "25": 0.0,
    "26": 0.000678100330273415,
    "27": 0.0,
    "28": 0.0003955207277581391,
    "29": 0.0,
    "30": 0.00024221108787023655
  },
  "even_ratios_to_mu2": {
    "2": 1.0,
    "4": 0.48314439485732785,
    "6": 0.26561078866638915,
    "8": 0.1536028380274091,
    "10": 0.0902911059211642,
    "12": 0.05359358861705899,
    "14": 0.031879634339977495,
    "16": 0.018942985093033653,
    "18": 0.011305958932618047,
    "20": 0.006582978772603248
  },
  "geometric_p_hat": 0.5831622318983983
}