{
  "N": 5000000,
  "n_gaps": 348512,
  "histogram": {
    "1": 3.1326357997619195e-06,
    "2": 0.1016947559676712,
    "3": 0.0,
    "4": 0.10120606478290833,
    "5": 0.0,
    "6": 0.1708696196980139,
    "7": 0.0,
    "8": 0.07176242090094606,
    "9": 0.0,
    "10": 0.09170791303803019,
    "11": 0.0,
    "12": 0.10929139778209386,
    "13": 0.0,
    "14": 0.05817304680157885,
    "15": 0.0,
    "16": 0.04114717122987282,
    "17": 0.0,
    "18": 0.07155566693816177,
    "19": 0.0,
    "20": 0.03552408996930017,
    "21": 0.0,
    "22": 0.03135141908401729,
    "23": 0.0,
    "24": 0.042910845185138775,
    "25": 0.0,
    "26": 0.01927510807593509,
    "27": 0.0,
    "28": 0.02047804022304367,
    "29": 0.0,
    "30": 0.033049307687488254
  },
  "even_ratios_to_mu2": {
    "2": 1.0,
    "4": 0.99519452915627,
    "6": 1.6802205587900068,
    "8": 0.7056649108215507,
    "10": 0.9017958907063425,
    "12": 1.0747004281797738,
    "14": 0.5720358562055263,
    "16": 0.4046144841819918,
    "18": 0.7036318270030496,
    "20": 0.34932076517881894
  }
}