{
  "u": 1.5436890126920764,
  "n_steps": 5000000,
  "pi": [
    0.22069344413868883,
    0.5586131117226223,
    0.22069344413868883
  ],
  "transition_matrix": [
    [
      0.0,
      0.5290760847401871,
      0.4709239152598129
    ],
    [
      0.0,
      0.7909757885963229,
      0.2090242114036771
    ],
    [
      1.0,
      0.0,
      0.0
    ]
  ],
  "transition_counts": [
    [
      0,
      583818,
      519649
    ],
    [
      0,
      2209246,
      583818
    ],
    [
      1103467,
      0,
      0
    ]
  ],
  "q_C_to_A": 1.0,
  "p_analytic": 0.0,
  "PF_eigenvector": [
    0.22069348827739532,
    0.5586130234452094,
    0.22069348827739538
  ]
}