{
  "u": 1.5436890126920764,
  "n_steps": 5000000,
  "pi": [
    0.2206934,
    0.5,
    0.2793066
  ],
  "transition_matrix": [
    [
      0.0,
      1.0,
      0.0
    ],
    [
      0.4413868,
      0.0,
      0.5586132
    ],
    [
      0.0,
      1.0,
      0.0
    ]
  ],
  "alpha": 0.4413868,
  "p_geometric": 0.5586131999999999
}