{
  "logistic": {
    "rho_L": 0.22042763976342108,
    "mu_2": 0.4703662614213559,
    "twin_density": 0.10368172482945379,
    "cramer_baseline": 0.17183929539174855,
    "parity_factor": 2.7372450541597257,
    "p_infty": 0.5964,
    "mu_2_geometric": 0.40359999999999996,
    "LRL_excess": 1.165426812243201
  },
  "real_primes": {
    "rho_L": 0.08552140004120416,
    "mu_2": 0.1016947559676712,
    "twin_density": 0.008697077907203844,
    "cramer_baseline": 0.07820749017619649,
    "HL_ratio": 1.3003199020779135,
    "twin_constant_2C2": 1.3203236316
  }
}